leaser;Type contrat financé;TYPE CONTRAT;Ing Commercial financé;Client;SIRET client;SIREN;Nom client;numero contrat ;numéro leaser;Date effet;Fin validité;périodicité;Somme de Nb loyers;Somme de Mt financé;Somme de Loyer client;Somme de Mt Loyer inter
AceCom;Mandat de gestion;location simple;DECHENAUX Marie;FRADOT84;40093759500058;400937595;FRANCE ADOT 84;CTR-031474/0001;P04748901;01/01/2014;31/03/2019;Trimestrielle;21;5505;351;0
AceCom;Mandat de gestion;location simple;DECHENAUX Marie;JEUNE7028;383198108;383198108;LES VIGNOBLES ELIE JEUNE SAS;CTR-031613/0001;P06738901;01/01/2014;31/03/2019;Trimestrielle;21;8993,68;555;604
AceCom;Mandat de gestion;location simple;LOPEZ Bernard;SOGEBI9930;307320077;307320077;SA SOGEBI;CTR-031652/0001;P09265901;17/01/2014;30/06/2019;Trimestrielle;21;4001;255;258,67
AceCom;Mandat de gestion;location simple;SANCHEZ Jérôme;BORTOL7342;43208246900037;432082469;ARCHITECTE ANDREA BORTOLUS;CTR-031688/0001;AC1624600;01/04/2014;30/06/2019;Trimestrielle;21;6502;417;0
AceCom;Mandat de gestion;location simple;GWOZDZ Arnaud;2CUB9660;79409132200022;794091322;2 CUBE PEPINIERE D'ENTREPRISES;CTR-031817/0001;AC1591600;10/03/2014;30/06/2019;Trimestrielle;21;4783,56;305;123,56
CAPEA FINANCE;Mandat de gestion;location simple;DECHENAUX Marie;AFCOM6192;394701536;394701536;SARL AFCOM;CTR-039553/0001;AB9911600;01/07/2018;30/09/2023;Trimestrielle;21;15280,69;917,61;0
CAPEA FINANCE;Mandat de gestion;location simple;DECHENAUX Marie;CLIMLA5902;44499576500021;444995765;CLIMLAB BRUNO LAVRANGE;CTR-039132/0001;CB4920600;13/02/2018;30/06/2023;Trimestrielle;21;10551,08;651,11;340,02
CAPEA FINANCE;Mandat de gestion;location simple;DECHENAUX Marie;LATOUR5424;44016332700024;440163327;AGENCE IMMOBILIERE DE LA TOUR;CTR-032354/0001;AC7873600;15/07/2014;31/12/2019;Trimestrielle;21;5223;333;331,33
CAPEA FINANCE;Mandat de gestion;location simple;DECHENAUX Marie;MEDIA8814;47773426300015;477734263;MEDIA PC VAISON;CTR-033850/0001;AM0068600;01/07/2015;30/09/2020;Trimestrielle;21;4900,18;318;0
CAPEA FINANCE;Mandat de gestion;location simple;DECHENAUX Marie;MILEST8320;499875847;499875847;MILESTAR;CTR-035513/0001;AZ2150600;01/04/2016;30/06/2021;Trimestrielle;21;6579,36;419,5;0
CAPEA FINANCE;Mandat de gestion;location simple;DECHENAUX Marie;PEPINI2805;50386671700013;503866717;EARL PEPINIERES COTE SUD;CTR-036988/0001;BP1852600;01/04/2017;30/06/2022;Trimestrielle;21;4772,87;307;0
CAPEA FINANCE;Mandat de gestion;location simple;DECHENAUX Marie;PLASTC8540;52226551100025;522265511;PLASTCORP;CTR-034228/0001;AQ1430600;24/06/2015;30/09/2020;Trimestrielle;21;6728,36;429;82
CAPEA FINANCE;Mandat de gestion;location simple;DECHENAUX Marie;PRESID8034;325509032;325509032;DOMAINE DE LA PRESIDENTE;CTR-035695/0001;AZ5454600;01/07/2016;30/09/2021;Trimestrielle;21;5347,83;345;0
CAPEA FINANCE;Mandat de gestion;location simple;DECHENAUX Marie;BETCER0820;492006242;492006242;BET CERRETTI;CTR-033146/0001;150582000;01/01/2015;31/03/2020;Trimestrielle;21;7415,3;463;0
CAPEA FINANCE;Mandat de gestion;location simple;DECHENAUX Marie;SYLVAN1356;827497918;827497918;LA MAISON DE SYLVANIE;CTR-037393/0001;BT1701600;16/05/2017;30/09/2022;Trimestrielle;21;2278,3;150;75,82
CAPEA FINANCE;Mandat de gestion;location simple;DECHENAUX Marie;CONFI1093;81764064200028;817640642;CONFIEZ NOUS;CTR-037760/0001;BV9663600;01/08/2017;31/12/2022;Trimestrielle;21;1486;99,99;66,3
CAPEA FINANCE;Mandat de gestion;location simple;DECHENAUX Marie;SALIGN6101;30664348700011;306643487;ETABLISSEMENTS SALIGNON;CTR-039128/0001;CC2095600;06/02/2018;30/06/2023;Trimestrielle;21;11680,53;720,81;432,49
CAPEA FINANCE;Mandat de gestion;location simple;DECHENAUX Marie;LAEASE3066;75314546500021;753145465;LAEASE;CTR-039470/0001;CF8512600;14/05/2018;31/08/2023;Mensuelle;63;3367,8;75;43,55
CAPEA FINANCE;Mandat de gestion;location simple;DECHENAUX Marie;SMI1355;82411652900010;824116529;SMI;CTR-039583/0001;CG1610600;25/05/2018;30/09/2023;Trimestrielle;21;3781,9;249;101,24
CAPEA FINANCE;Mandat de gestion;location simple;DECHENAUX Marie;CHAUVI4700;35400117400037;354001174;CHAUVIN S.A.S.;CTR-040131/0001;CM4638600;14/09/2018;31/12/2023;Trimestrielle;21;6152,01;392,25;121,48
CAPEA FINANCE;Mandat de gestion;location simple;DECHENAUX Marie;ECOLE7110;83353148600011;833531486;ECOLE ETRE ET DEVENIR;CTR-040152/0001;CL4239600;19/07/2018;31/12/2023;Trimestrielle;21;2038;134,18;156,93
CAPEA FINANCE;Mandat de gestion;location simple;DECHENAUX Sébastien;FEDERA7221;38749337200024;387493372;FEDERATION DES SYNDICATS;CTR-033023/0001;AG2180600;01/01/2015;31/03/2020;Trimestrielle;21;11515,34;719;0
CAPEA FINANCE;Mandat de gestion;location simple;DECHENAUX Sébastien;PEPICO4273;41000321400013;410003214;LES PEPINIERISTES PRODUCTEURS ;CTR-035514/0001;BA9772600;01/04/2016;30/06/2021;Trimestrielle;21;26767,85;1598;0
CAPEA FINANCE;Mandat de gestion;location simple;DECHENAUX Sébastien;REVENY7975;34509650700016;345096507;SCEA REVENY;CTR-039968/0001;CO5955600;29/08/2018;31/12/2023;Trimestrielle;21;2253,26;148,35;53,21
CAPEA FINANCE;Mandat de gestion;location simple;DUMONT Guilhem;ALPIM9292;44241179900012;442411799;ALP IMMOBILIER;CTR-034229/0001;AS0127600;01/07/2015;30/09/2020;Trimestrielle;21;2278,29;150;0
CAPEA FINANCE;Mandat de gestion;location simple;DUMONT Guilhem;BLEUVER;418450524;418450524;BLEU-VERT;CTR-032035/0001;AC1486600;01/07/2014;30/09/2019;Trimestrielle;21;18326,39;1107;0
CAPEA FINANCE;Mandat de gestion;location simple;DUMONT Guilhem;COLIS1052;39102934500504;391029345;COLIS PRIVE;CTR-034889/0001;AU9945600;01/01/2016;31/12/2019;Trimestrielle;16;70945,2;5220;0
CAPEA FINANCE;Mandat de gestion;location simple;DUMONT Guilhem;LABEL0345;45352301100022;453523011;LABEL IMAGE;CTR-034511/0001;AT2428600;31/08/2015;31/12/2020;Trimestrielle;21;3554,07;234;127,85
CAPEA FINANCE;Mandat de gestion;location simple;DUMONT Guilhem;SAVEUR6060;352970412;352970412;GROUPE SAVEUR ET PASSION;CTR-033441/0001;AL0463600;01/01/2015;31/03/2020;Trimestrielle;21;5222,71;333;0
CAPEA FINANCE;Mandat de gestion;location simple;DUMONT Guilhem;SAVEUR6060;352970412;352970412;;CTR-034883/0001;AL0463600;09/11/2015;31/03/2021;Trimestrielle;21;1270,62;85,5;98,26
CAPEA FINANCE;Mandat de gestion;location simple;DUMONT Guilhem;TRAITA1720;43749770400019;437497704;TRAITAGRI;CTR-036764/0001;BN2144600;22/12/2016;31/03/2022;Trimestrielle;21;1337,49;90;9,78
CAPEA FINANCE;Mandat de gestion;location simple;DUMONT Guilhem;DUVAL7153;534811831;534811831;CARROSSERIE DUVAL;CTR-037394/0001;BT1702600;15/05/2017;30/09/2022;Trimestrielle;21;1526,5;100,5;51,91
CAPEA FINANCE;Mandat de gestion;location simple;LOPEZ Bernard;ARCTYP2162;480906486;480906486;ARC ET TYPES;CTR-039560/0001;CF4524600;20/04/2018;30/09/2023;Trimestrielle;21;13806,31;852;674,11
CAPEA FINANCE;Mandat de gestion;location simple;LOPEZ Bernard;DERIVO1411;31053034000010;310530340;DERIVOT IMMOBILIER;CTR-034657/0001;AU0333600;01/10/2015;30/09/2020;Trimestrielle;20;25641,02;1590;0
CAPEA FINANCE;Mandat de gestion;location simple;LOPEZ Bernard;GARNE3824;33117987900019;331179879;GARNERO ATELIER ARTS GRAPHIQUES;CTR-037128/0001;BP6712600;01/04/2017;30/06/2022;Trimestrielle;21;20000;1194;0
CAPEA FINANCE;Mandat de gestion;location simple;LOPEZ Bernard;GMT0864;48166504000020;481665040;GMT;CTR-039307/0001;BX7557600;01/04/2018;31/03/2023;Trimestrielle;20;7386,36;468;0
CAPEA FINANCE;Mandat de gestion;location simple;LOPEZ Bernard;PALGA2727;32729617400029;327296174;PALGA SA INTERNATIONAL;CTR-034125/0001;AO6422600;01/07/2015;30/06/2020;Trimestrielle;20;15771,65;978;0
CAPEA FINANCE;Mandat de gestion;location simple;SANCHEZ Jérôme;CONCEP2650;44495029900016;444950299;CONCEPT VISION;CTR-038396/0001;BZ2444600;01/01/2018;31/03/2023;Trimestrielle;21;2317,11;152,56;0
CAPEA FINANCE;Mandat de gestion;location simple;SANCHEZ Jérôme;NEWVIS28216;83393012600010;833930126;NEW VISION 2;CTR-039296/0001;CD3662600;21/03/2018;31/03/2023;Trimestrielle;20;1674,51;114;13,93
CAPEA FINANCE;Mandat de gestion;location simple;ALVES Yoann;D2D3824;503530362;503530362;SARL D2D;CTR-032110/0001;AC5132600;22/05/2014;30/09/2019;Trimestrielle;21;4002,68;232,5;151,2
CAPEA FINANCE;Mandat de gestion;location simple;ALVES Yoann;SELARL7043;439874447;439874447;SELARL DUPUY-SCHOELL;CTR-035205/0001;AP5950600;10/03/2016;31/03/2021;Trimestrielle;20;6474,07;405;146,91
CAPEA FINANCE;Mandat de gestion;location simple;ALVES Yoann;SELARL7043;439874447;439874447;;CTR-040003/0001;AP5950600;04/09/2018;31/12/2023;Trimestrielle;21;11298,42;630;233,89
CAPEA FINANCE;Mandat de gestion;location simple;ALVES Yoann;CALMLAS2466;838571321;838571321;CALME-LASTERE ARCHITECTES;CTR-035950/0001;151903000;01/07/2016;30/09/2021;Mensuelle;63;9613,46;354,16;0
CAPEA FINANCE;Mandat de gestion;location simple;ALVES Yoann;PAT3603023;811018837;811018837;PATRIMOINE 360;CTR-037048/0001;BO3669600;30/01/2017;31/03/2021;Trimestrielle;16;3401,36;280;189,78
CAPEA FINANCE;Mandat de gestion;location simple;ATTIDEKOU Jean-Yves;ARIANE9229;47831007100012;478310071;BOULANGERIE ARIANE;CTR-034041/0001;AO5205600;20/07/2015;31/12/2020;Trimestrielle;21;7274,85;422;383,85
CAPEA FINANCE;Mandat de gestion;location simple;ATTIDEKOU Jean-Yves;ORPIME1212;409591807;409591807;ORPI CABINET MERI;CTR-033296/0001;AH1402600;16/12/2014;31/12/2019;Trimestrielle;20;5089,94;302,19;101,55
CAPEA FINANCE;Mandat de gestion;location simple;ATTIDEKOU Jean-Yves;STGENE6129;388806994;388806994;SAINT GENEZ PRESSE;CTR-035037/0001;AV5885600;10/12/2015;31/12/2020;Trimestrielle;20;3998,18;264;112,13
CAPEA FINANCE;Mandat de gestion;location simple;ATTIDEKOU Jean-Yves;UTOPIA0015;415054899;415054899;UTOPIA ST SIMEON;CTR-032568/0001;AE0394600;01/10/2014;31/12/2019;Trimestrielle;21;3098,32;180;0
CAPEA FINANCE;Mandat de gestion;location simple;ATTIDEKOU Jean-Yves;SALINI8686;401379862;401379862;THEATRE DES SALINIERES;CTR-037861/0001;BV4718600;06/09/2017;30/09/2022;Trimestrielle;20;15268,08;897;243,75
CAPEA FINANCE;Mandat de gestion;location simple;COGNIE Maxime;CONTRA9800;322432949;322432949;CONTRACTOR;CTR-039055/0001;CB6885600;24/01/2018;30/06/2023;Trimestrielle;21;24288,11;1450;1079,44
CAPEA FINANCE;Mandat de gestion;location simple;COGNIE Maxime;COUACH3550;51179141000026;511791410;CHANTIER NAVAL COUACH;CTR-039342/0001;CE3762600;01/04/2018;30/06/2023;Trimestrielle;21;60005,68;3386;0
CAPEA FINANCE;Mandat de gestion;location simple;COGNIE Maxime;SOARMI6100;33964814900013;339648149;SOARMI;CTR-031859/0001;AD3348600;17/03/2014;30/06/2019;Trimestrielle;21;6474,6;65,54;61,5
CAPEA FINANCE;Mandat de gestion;location simple;COGNIE Maxime;RENBEA1614;444875058;444875058;RENAULAC BEARN;CTR-037958/0001;BW5075600;21/08/2017;31/12/2022;Trimestrielle;21;3015,07;180;80,22
CAPEA FINANCE;Mandat de gestion;location simple;COGNIE Maxime;RENBAS5686;433761590;433761590;RENAULAC COTE BASQUE;CTR-037960/0001;BW5053600;08/09/2017;31/12/2022;Trimestrielle;21;3685,09;220;55
CAPEA FINANCE;Mandat de gestion;location simple;COGNIE Maxime;BONTEM6737;348133257;348133257;BONTEMPS BONNARME ;CTR-037956/0001;BZ1668600;19/09/2017;31/12/2022;Trimestrielle;21;13400,36;800;104,35
CAPEA FINANCE;Mandat de gestion;location simple;COLLIER Dorian;AFM2800;453078818;453078818;S.A.S AFM;CTR-033868/0001;BC4318600;27/03/2015;30/06/2020;Mensuelle;63;38338,22;706,19;113,9
CAPEA FINANCE;Mandat de gestion;location simple;COLLIER Dorian;AFM2800;453078818;453078818;;CTR-035507/0001;BC4318600;20/04/2016;19/04/2019;Trimestrielle;12;3696,37;345;0
CAPEA FINANCE;Mandat de gestion;location simple;COLLIER Dorian;AKIDIS1878;443759709;443759709;SARL AKIDIS;CTR-039111/0001;CA5956600;01/02/2018;30/06/2023;Trimestrielle;21;8685,28;495;324,5
CAPEA FINANCE;Mandat de gestion;location simple;COLLIER Dorian;ATECAM8065;492840038;492840038;ATELIER CAMBIUM;CTR-035905/0001;BC9361600;01/07/2016;30/09/2021;Mensuelle;63;7863,56;148,7;0
CAPEA FINANCE;Mandat de gestion;location simple;COLLIER Dorian;CORENS4000;778116186;778116186;CORENSO FRANCE;CTR-034089/0001;AO3522600;28/07/2015;31/12/2020;Trimestrielle;21;14061,67;791;607,86
CAPEA FINANCE;Mandat de gestion;location simple;COLLIER Dorian;CORENS4000;778116186;778116186;;CTR-038067/0001;AO3522600;01/01/2018;31/03/2023;Trimestrielle;21;4942,27;285;0
CAPEA FINANCE;Mandat de gestion;location simple;COLLIER Dorian;LPGPR04782;807527924;807527924;LPG PROSOLS;CTR-033139/0001;143979000;18/11/2014;29/02/2020;Mensuelle;63;6874,7;130;105,33
CAPEA FINANCE;Mandat de gestion;location simple;COLLIER Dorian;MOTTAR4708;382549749;382549749;J.L MOTTARD SARL;CTR-039434/0001;CF0163600;13/04/2018;30/09/2023;Trimestrielle;21;7983,44;455;395
CAPEA FINANCE;Mandat de gestion;location simple;COLLIER Dorian;NOUCIT1710;328970579;328970579;STE NOUVELLE DE LA CITADELLE;CTR-035370/0001;BA3231600;01/04/2016;30/06/2021;Trimestrielle;21;6660,17;381,83;0
CAPEA FINANCE;Mandat de gestion;location simple;COLLIER Dorian;DICTEC9902;778116400;778116400;DIC TECHNOLOGIES;CTR-038421/0001;BX9053600;22/11/2017;31/03/2023;Trimestrielle;21;1737,06;99;43,04
CAPEA FINANCE;Mandat de gestion;location simple;COLLIER Dorian;B2D332691;821694007;821694007;2DSO;CTR-039057/0001;CB0508600;23/01/2018;30/04/2023;Mensuelle;63;2568,64;49,49;14,37
CAPEA FINANCE;Mandat de gestion;location simple;COLLIER Dorian;GUILLO3620;301312260;301312260;ETS GUILLOT JEAN;CTR-039668/0001;CH1193600;01/07/2018;30/09/2023;Trimestrielle;21;5878,22;335;0
CAPEA FINANCE;Mandat de gestion;location simple;COLLIER Dorian;GALGIL9919;44126714300010;441267143;GILLES GALLES SARL;CTR-040080/0001;CG0132600;26/09/2018;31/12/2023;Trimestrielle;21;3253,24;189;59,27
CAPEA FINANCE;Mandat de gestion;location simple;DE NEIVA Edouard;A4CONF3286;788854602;788854602;A4 CONFORT HABITAT SECURITE;CTR-032408/0001;AD8937600;31/07/2014;31/12/2019;Trimestrielle;21;2926,19;170;163,57
CAPEA FINANCE;Mandat de gestion;location simple;DE NEIVA Edouard;ARNAUD8295;520364035;520364035;SARL ARNAUD GILBERT;CTR-034009/0001;AN1462600;01/07/2015;30/09/2020;Trimestrielle;21;8497,25;490;0
CAPEA FINANCE;Mandat de gestion;location simple;DE NEIVA Edouard;CONCEP7750;452235773;452235773;CONCEPT PATRIMOINE;CTR-039706/0001;CG6819600;01/07/2018;30/09/2023;Trimestrielle;21;4768,79;277;0
CAPEA FINANCE;Mandat de gestion;location simple;DE NEIVA Edouard;DMF9768;331441741;331441741;DMF;CTR-032330/0001;AE4090600;18/07/2014;31/12/2019;Trimestrielle;21;3400,23;197,54;210,04
CAPEA FINANCE;Mandat de gestion;location simple;DE NEIVA Edouard;ETRELE8460;321969404;321969404;ETRELEC;CTR-037147/0001;BP0895600;01/04/2017;30/06/2022;Trimestrielle;21;9123,93;520;0
CAPEA FINANCE;Mandat de gestion;location simple;DE NEIVA Edouard;GATTI0673;399030063;399030063;EURL GATTI;CTR-034658/0001;AU7362600;23/09/2015;30/09/2020;Mensuelle;60;3473,73;80;70,33
CAPEA FINANCE;Mandat de gestion;location simple;DE NEIVA Edouard;MARTIN0656;417758364;417758364;MARTIN FREDERIC;CTR-032418/0001;AD3165600;07/08/2014;31/12/2019;Trimestrielle;21;6930,67;395;285,14
CAPEA FINANCE;Mandat de gestion;location simple;DE NEIVA Edouard;CRFM6014;80944595000029;809445950;CRFM;CTR-038359/0001;CA1851600;24/11/2017;31/03/2023;Trimestrielle;21;5527;315;130,11
CAPEA FINANCE;Mandat de gestion;location simple;DE NEIVA Edouard;STEIB8393;326791720;326791720;STEIB;CTR-038991/0001;CB2858600;12/01/2018;30/06/2023;Trimestrielle;21;4045,03;235;206,28
CAPEA FINANCE;Mandat de gestion;location simple;DE NEIVA Edouard;HOUSECO9046;52917590300010;529175903;HOUSE COOPERS FINANCE;CTR-039738/0001;CH4691600;29/05/2018;30/06/2022;Trimestrielle;16;2103,16;152,5;104,3
CAPEA FINANCE;Mandat de gestion;location simple;GIRAUD Yves;ASC1982;482219201;482219201;ASC;CTR-031856/0001;AB9203600;14/03/2014;31/03/2017;Mensuelle;36;2537,75;79;94,87
CAPEA FINANCE;Mandat de gestion;location simple;GIRAUD Yves;DARRIG5085;344020649;344020649;MAITRE DARRIGADE;CTR-040096/0001;CH8191600;25/09/2018;30/09/2021;Mensuelle;36;3527,55;116;72,2
CAPEA FINANCE;Mandat de gestion;location simple;GIRAUD Yves;DIGNEA1314;513115956;513115956;MR DIGNEAUX;CTR-032613/0001;CQ9658600;09/10/2014;31/10/2017;Mensuelle;36;3115,97;97;120,97
CAPEA FINANCE;Mandat de gestion;location simple;GIRAUD Yves;FAUGER3498;388396921;388396921;SARL CHATEAU FAUGERES;CTR-036417/0001;BK0202600;15/09/2016;30/09/2020;Mensuelle;48;2712,7;66;35,2
CAPEA FINANCE;Mandat de gestion;location simple;GIRAUD Yves;FAUGER3499;388396921;388396921;SARL CHATEAU FAUGERES;CTR-033196/0001;BK0202600;01/01/2015;31/12/2017;Mensuelle;36;2522,94;79;0
CAPEA FINANCE;Mandat de gestion;location simple;GIRAUD Yves;GATTI0673;399030063;399030063;EURL GATTI;CTR-039950/0001;AU7362600;28/08/2018;31/08/2022;Mensuelle;48;2712,7;66;57,52
CAPEA FINANCE;Mandat de gestion;location simple;GIRAUD Yves;THIEBA4604;513955989;513955989;EURL THIEBAUT;CTR-037833/0001;BV1211600;06/09/2017;30/09/2022;Mensuelle;60;5625,31;112;93,33
CAPEA FINANCE;Mandat de gestion;location simple;GIRAUD Yves;OPTMAL8081;828410548;828410548;OPTIQUE MALAUZAT;CTR-038119/0001;BY6000600;31/10/2017;31/10/2021;Mensuelle;48;4397,86;107;3,45
CAPEA FINANCE;Mandat de gestion;location simple;GIRAUD Yves;CADOT5845;439018482;439018482;SELARL CADIOT FEIDT;CTR-039084/0001;BW2930600;01/02/2018;31/01/2021;Mensuelle;36;16569,72;527;0
CAPEA FINANCE;Mandat de gestion;location simple;LARRIGNON Eric;KALIOP8504;820399319;820399319;KALIOPE ;CTR-039586/0001;CL1373600;23/05/2018;30/09/2023;Trimestrielle;21;5973,72;340,46;145,91
CAPEA FINANCE;Mandat de gestion;location simple;LARRIGNON Eric;TAMTAM6914;339454761;339454761;TAM TAM;CTR-037708/0001;BU6520600;27/07/2017;31/12/2022;Trimestrielle;21;12000;669,12;480,02
CAPEA FINANCE;Mandat de gestion;location simple;LARRIGNON Eric;ATOSER5272;399803790;399803790;ATOUT SERVICES;CTR-038242/0001;BX9891600;15/11/2017;31/03/2023;Trimestrielle;21;6245,9;381;194,64
CAPEA FINANCE;Mandat de gestion;location simple;THOMAS Alexandre;BOEVIM7567;80363344500017;803633445;BORDEAUX EVOLUTION IMMOBILIER;CTR-040122/0001;CO9255600;19/09/2018;31/12/2023;Trimestrielle;21;9000,05;512,91;115,9
CAPEA FINANCE;Mandat de gestion;location simple;THOMAS Alexandre;AMS5563;791707169;791707169;AQUITAINE MOBILITE SERVICES;CTR-034682/0001;AT8397600;01/10/2015;31/12/2020;Trimestrielle;21;7000;446,32;0
CAPEA FINANCE;Mandat de gestion;location simple;THOMAS Alexandre;CABMAR0154;481016137;481016137;CABINET MARTY;CTR-037171/0001;BP8616600;01/04/2017;31/03/2020;Trimestrielle;12;5204,38;480;0
CAPEA FINANCE;Mandat de gestion;location simple;THOMAS Alexandre;IMPBAI1700;46520004600022;465200046;IMPRIMERIE BAILLET;CTR-034624/0001;AU7645600;15/10/2015;14/01/2021;Trimestrielle;21;2430,13;160;0
CAPEA FINANCE;Mandat de gestion;location simple;THOMAS Alexandre;LAPALU4999;331151753;331151753;SAS LAPALUS MASSIE;CTR-034428/0001;AS1293600;31/07/2015;31/12/2020;Trimestrielle;21;6022,58;384;307,78
CAPEA FINANCE;Mandat de gestion;location simple;THOMAS Alexandre;NATHAL0505;42261284600101;422612846;NATHALIS SARL;CTR-039555/0001;CE5450600;18/05/2018;30/09/2023;Trimestrielle;21;2754,72;157;75,91
CAPEA FINANCE;Mandat de gestion;location simple;THOMAS Alexandre;NATHAL0505;42261284600101;422612846;;CTR-039704/0001;CE5450600;02/07/2018;31/12/2023;Trimestrielle;21;2491,53;142;189,46
CAPEA FINANCE;Mandat de gestion;location simple;BERTRAND Christophe;LACHEZ3940;338634660;338634660;LACHEZE TRANSPORTS;CTR-032214/0001;AC5347600;01/07/2014;30/09/2019;Trimestrielle;21;3007;198;0
CAPEA FINANCE;Mandat de gestion;location simple;PLUYAUD Didier;SKYLAB2424;343901732;343901732;SKYLAB;CTR-039271/0001;AB8021600;01/04/2018;30/06/2023;Trimestrielle;21;17922,94;1070;0
CAPEA FINANCE;Mandat de gestion;location simple;PLUYAUD Didier;SOTHYS9689;45269901000016;452699010;SNC SOTHYS AURIAC;CTR-032240/0001;AC6429600;01/07/2014;30/09/2019;Trimestrielle;21;2566,91;171;0
CAPEA FINANCE;Mandat de gestion;location simple;BERTRAND Christophe;MAZEYR0025;82698001300013;826980013;MAZEYRAT SAS;CTR-032030/0001;AB6722600;01/04/2014;30/06/2019;Trimestrielle;21;4626,73;295;0
CAPEA FINANCE;Mandat de gestion;location simple;BERTRAND Christophe;COSSET8050;38540513900010;385405139;COSSET NEYCENSAS;CTR-036462/0001;BE4948600;26/10/2016;31/03/2022;Trimestrielle;21;6900;440;320,43
CAPEA FINANCE;Mandat de gestion;location simple;BERTRAND Christophe;DESIGN5325;751231028;751231028;SARL LES M DESIGN;CTR-036615/0001;BM0167600;01/12/2016;31/03/2022;Trimestrielle;21;5787,32;369;124,34
CAPEA FINANCE;Mandat de gestion;location simple;BERTRAND Christophe;LAVAUD5680;751073164;751073164;SARL JMF LAVAUD;CTR-036666/0001;BM2042600;08/12/2016;31/03/2022;Trimestrielle;21;4352,56;277,5;72,39
CAPEA FINANCE;Mandat de gestion;location simple;BERTRAND Christophe;INTERS7019;418709663;418709663;PROSPORT EVASION;CTR-037661/0001;BU4831600;24/07/2017;31/12/2022;Trimestrielle;21;6399,23;408;306
CAPEA FINANCE;Mandat de gestion;location simple;BERTRAND Christophe;INFINI0955;829608876;829608876;INFINI SARL;CTR-037901/0001;BW9747600;11/09/2017;31/12/2022;Trimestrielle;21;4611;294;63,91
CAPEA FINANCE;Mandat de gestion;location simple;TEULIERES David;ARCSIN2995;51533977800018;515339778;ARCS INGENIERIE SARL;CTR-036945/0001;BL7148600;03/02/2017;30/06/2022;Trimestrielle;21;8183,33;491;310,97
CAPEA FINANCE;Mandat de gestion;location simple;TEULIERES David;CIB2577;52791712400010;527917124;C.I.B. SAS;CTR-035091/0001;AW7682600;22/12/2015;31/03/2021;Trimestrielle;21;7057,71;450;97,91
CAPEA FINANCE;Mandat de gestion;location simple;TEULIERES David;GENALO1693;49513892700019;495138927;GENEALOGIE EN CORREZE;CTR-033193/0001;AH6426600;01/01/2015;31/03/2020;Trimestrielle;21;1756,27;117;0
CAPEA FINANCE;Mandat de gestion;location simple;TEULIERES David;PHOTOC1114;38381853100014;383818531;PHOTOCOP;CTR-034492/0001;AR5197600;01/10/2015;31/12/2020;Trimestrielle;21;17934,97;1077;0
CAPEA FINANCE;Mandat de gestion;location simple;TEULIERES David;CHEZE0606;498588482;498588482;SARL TRANSPORTS GILBERT CHEZE;CTR-037346/0001;BQ4241600;09/05/2017;30/09/2022;Trimestrielle;21;10317,46;624;363,43
CAPEA FINANCE;Mandat de gestion;location simple;DELMAS Jean-Luc;DEFOS2951;801159716;801159716;CAMPING DE LA PLAGE;CTR-037091/0001;BT0367600;01/04/2017;30/06/2022;Trimestrielle;21;2500;164,6;0
CAPEA FINANCE;Mandat de gestion;location simple;DELMAS Jean-Luc;GALINO9141;39966746800017;399667468;MAISON DE LA PRESSE - TABAC;CTR-034290/0001;AS0287600;20/07/2015;31/12/2020;Trimestrielle;21;1650;108,63;135,2
CAPEA FINANCE;Mandat de gestion;location simple;DELMAS Jean-Luc;PVC466939;45333081300016;453330813;SARL PVC 46;CTR-033714/0001;AK7834600;01/04/2015;30/06/2020;Trimestrielle;21;5169,66;331,55;0
CAPEA FINANCE;Mandat de gestion;location simple;DELMAS Jean-Luc;QUERCY8380;39434363600012;394343636;QUERCY CONTACTS;CTR-035179/0001;AY9280600;01/04/2016;30/06/2021;Trimestrielle;21;19173,91;1158;0
CAPEA FINANCE;Mandat de gestion;location simple;DELMAS Jean-Luc;TABAC3491;42151039700035;421510397;TABAC PRESSE LOTO;CTR-032542/0001;AG6732600;01/10/2014;31/12/2019;Trimestrielle;21;4200;267,79;0
CAPEA FINANCE;Mandat de gestion;location simple;DELMAS Jean-Luc;ARTISA2865;83389083300019;833890833;SARL ARTISABOIS;CTR-034509/0001;151470000;04/09/2015;31/12/2020;Trimestrielle;21;2100;138,24;40,57
CAPEA FINANCE;Mandat de gestion;location simple;DELMAS Jean-Luc;CASCAR3006;44430894400032;444308944;CARREFOUR DES SCIENCES ET DES ARTS;CTR-039361/0001;CG6240600;29/03/2018;30/06/2023;Trimestrielle;21;2400;158,02;5,27
CAPEA FINANCE;Mandat de gestion;location simple;DELMAS Jean-Luc;TEMANA4244;51489339500020;514893395;CENTRE DE FORMATION TEMANA;CTR-039029/0001;CB5804600;23/01/2018;30/06/2023;Trimestrielle;21;4900;312,42;236,05
CAPEA FINANCE;Mandat de gestion;location simple;DELMAS Jean-Luc;FARGAL4231;841653074;841653074;SASU ADRIEN FARGAL;CTR-039512/0001;152917000;01/07/2018;30/09/2023;Trimestrielle;21;5070,25;325,18;0
CAPEA FINANCE;Mandat de gestion;location simple;GWOZDZ Arnaud;NAUDON0948;99705003400013;997050034;SARL NAUDON MATHE ET FRERES;CTR-037573/0001;BW3520600;06/07/2017;31/12/2022;Trimestrielle;21;11019,28;680;643,04
CAPEA FINANCE;Mandat de gestion;location simple;GWOZDZ Arnaud;WILL2788;38465225100057;384652251;WILLIAMS SILVER FROST;CTR-039388/0001;CE4272600;11/04/2018;30/09/2023;Trimestrielle;21;2506,08;165;146,87
CAPEA FINANCE;Mandat de gestion;location simple;GWOZDZ Arnaud;AGECON0499;318672441;318672441;AGENCE CONTINENTALE;CTR-037602/0001;BT0537600;13/07/2017;31/12/2022;Trimestrielle;21;12882,84;795;691,3
CAPEA FINANCE;Mandat de gestion;location simple;GWOZDZ Arnaud;GRIZON3106;321111940;321111940;GRIZON SARL;CTR-039030/0001;CB7223600;24/01/2018;30/06/2023;Trimestrielle;21;4294,28;265;197,28
CAPEA FINANCE;Mandat de gestion;location simple;GWOZDZ Arnaud;CABOLI7245;38056452600032;380564526;CARREFOUR DU BOIS LIMOUSIN;CTR-038358/0001;CA3931600;08/12/2017;31/03/2023;Trimestrielle;21;3143,99;207;54
CAPEA FINANCE;Mandat de gestion;location simple;GWOZDZ Arnaud;BASCUL1533;79526468800016;795264688;LA BASCULE;CTR-038985/0001;CB9118600;17/01/2018;30/06/2023;Trimestrielle;21;3599,64;237;194,87
CAPEA FINANCE;Mandat de gestion;location simple;LACAZE Jean-François;BABA9011;52910710400018;529107104;B.A. BA EVENEMENTS SARL;CTR-039390/0001;CE8084600;01/07/2018;30/09/2023;Trimestrielle;21;3975,61;258;0
CAPEA FINANCE;Mandat de gestion;location simple;LACAZE Jean-François;DELAGE1546;539264622;539264622;DELAGE ATELIER D'ARCHITECTURE;CTR-038322/0001;CA4290600;27/11/2017;31/03/2023;Trimestrielle;21;4658,09;297;112,99
CAPEA FINANCE;Mandat de gestion;location simple;LACAZE Jean-François;DUBOCM1940;482335221;482335221;CABINET DUBOC ;CTR-037953/0001;BP6315600;05/10/2017;31/03/2023;Trimestrielle;21;12153,62;750;717,39
CAPEA FINANCE;Mandat de gestion;location simple;LACAZE Jean-François;FINIME5338;310530456;310530456;FINI METAUX;CTR-034226/0001;AS7399600;01/07/2015;30/09/2020;Trimestrielle;21;3645;240;0
CAPEA FINANCE;Mandat de gestion;location simple;LACAZE Jean-François;FINIME5338;310530456;310530456;;CTR-038245/0001;AS7399600;16/11/2017;31/12/2020;Trimestrielle;12;6829,92;675;337,5
CAPEA FINANCE;Mandat de gestion;location simple;LACAZE Jean-François;FINIME5338;310530456;310530456;;CTR-038244/0001;AS7399600;16/11/2017;31/03/2023;Trimestrielle;21;4658,09;297;148,5
CAPEA FINANCE;Mandat de gestion;location simple;LACAZE Jean-François;FINIME5338;310530456;310530456;;CTR-039949/0001;AS7399600;31/08/2018;31/12/2023;Trimestrielle;21;20083,76;1199;453,01
CAPEA FINANCE;Mandat de gestion;location simple;LACAZE Jean-François;LACHAP8017;40015732700018;400157327;LA CHAPELLE SAINT MARTIN;CTR-033662/0001;AN2938600;03/03/2015;30/06/2020;Trimestrielle;21;4187,58;267;135,03
CAPEA FINANCE;Mandat de gestion;location simple;LACAZE Jean-François;MALEF0791;766403364;766403364;ANDRE MALEFOND;CTR-039349/0001;CF8063600;01/04/2018;31/03/2021;Trimestrielle;12;2355,25;240;0
CAPEA FINANCE;Mandat de gestion;location simple;LACAZE Jean-François;KAOLIN6014;402222657;402222657;KAOLINE UCD'A;CTR-036955/0001;BO1871600;26/01/2017;30/06/2022;Trimestrielle;21;7057,72;450;325
CAPEA FINANCE;Mandat de gestion;location simple;LACAZE Jean-François;MCSERV5402;790065973;790065973;MC SERVICES;CTR-036978/0001;BP4178600;14/02/2017;30/06/2022;Trimestrielle;21;3143,99;207;105,8
CAPEA FINANCE;Mandat de gestion;location simple;LACAZE Jean-François;VINETO4262;44439455500023;444394555;VINS ETONNANTS;CTR-038316/0001;CA5513600;30/11/2017;31/12/2020;Trimestrielle;12;2031,4;207;72
CAPEA FINANCE;Mandat de gestion;location simple;LACAZE Jean-François;GAVANI0780;32414518400036;324145184;GAVANIER SARL;CTR-038412/0001;CA5457600;20/12/2017;31/12/2020;Trimestrielle;12;6071,03;600;78,26
CAPEA FINANCE;Mandat de gestion;location simple;MAURELET Christophe;COMUNI7445;47839708600032;478397086;COM'UNIK - SARL BONROLH;CTR-035682/0001;BD3831600;01/05/2016;30/09/2021;Trimestrielle;21;3721,14;245;164,23
CAPEA FINANCE;Mandat de gestion;location simple;MAURELET Christophe;DELOME1950;49014699000018;490146990;SARL JP DELOMENIE;CTR-038990/0001;BY2180600;17/01/2018;30/06/2023;Trimestrielle;21;30692,5;1750;1438,89
CAPEA FINANCE;Mandat de gestion;location simple;MAURELET Christophe;NADAUD6042;421948464;421948464;SARL NADAUD;CTR-035272/0001;AY4185600;05/02/2016;30/06/2021;Trimestrielle;21;3341,45;220;135,38
CAPEA FINANCE;Mandat de gestion;location simple;MAURELET Christophe;SLPI1737;411312101;411312101;SOCIETE ACORA;CTR-040078/0001;CL2639600;01/10/2018;31/12/2023;Trimestrielle;21;3569,26;235;0
CAPEA FINANCE;Mandat de gestion;location simple;MAURELET Christophe;TECHNO4460;327676706;327676706;TECHNOLIM;CTR-037825/0001;BU0330600;07/09/2017;31/12/2022;Trimestrielle;21;4313,05;275;71,74
CAPEA FINANCE;Mandat de gestion;location simple;MAURELET Christophe;ATRLIM7879;41397440300029;413974403;ATR LIMOUSIN;CTR-037951/0001;BW2916600;29/09/2017;31/12/2022;Trimestrielle;21;4156,2;265;5,76
CAPEA FINANCE;Mandat de gestion;location simple;PLUYAUD Didier;BATIDU8282;342039559;342039559;ETS BATIDUR IMMO+;CTR-032996/0001;AG3220600;16/10/2014;31/03/2020;Trimestrielle;21;4705,14;300;251,09
CAPEA FINANCE;Mandat de gestion;location simple;PLUYAUD Didier;BATIDU8282;342039559;342039559;;CTR-035036/0001;AG3220600;01/01/2016;31/03/2021;Trimestrielle;21;31260,85;1800;0
CAPEA FINANCE;Mandat de gestion;location simple;PLUYAUD Didier;BATIDU8282;342039559;342039559;;CTR-037012/0001;AG3220600;24/02/2017;30/06/2022;Trimestrielle;21;3781,9;249;99,6
CAPEA FINANCE;Mandat de gestion;location simple;PLUYAUD Didier;BATIDU8282;342039559;342039559;;CTR-039389/0001;AG3220600;10/04/2018;30/09/2023;Trimestrielle;21;8710,22;520;468,57
CAPEA FINANCE;Mandat de gestion;location simple;PLUYAUD Didier;ADAM1109;322344649;322344649;SAS ADAM;CTR-037487/0001;BS1804600;01/07/2017;30/09/2022;Trimestrielle;21;27386,94;1635;0
CAPEA FINANCE;Mandat de gestion;location simple;TOURNADRE Laurent;LIMOUS3796;352153969;352153969;LIMOUSIN PROMOTION;CTR-040176/0001;CK1440600;19/10/2018;31/03/2024;Trimestrielle;21;6038,26;385;358,67
CAPEA FINANCE;Mandat de gestion;location simple;BILLIERE Jérémy;AGLY7888;42404419600014;424044196;AGRO SELECTION FRUITS;CTR-034203/0001;AQ6883600;01/07/2015;30/09/2020;Trimestrielle;21;19178,08;1064;0
CAPEA FINANCE;Mandat de gestion;location simple;BILLIERE Jérémy;ALU200031;32262386900029;322623869;ALU 2000;CTR-039467/0001;CG7846600;01/07/2018;30/09/2023;Trimestrielle;21;18098,2;1090;0
CAPEA FINANCE;Mandat de gestion;location simple;BILLIERE Jérémy;ARGIMM5280;451374920;451374920;ARGIMMO LAFORET;CTR-035035/0001;AX4325600;13/11/2015;31/03/2021;Trimestrielle;21;31104,55;1791;1002,9
CAPEA FINANCE;Mandat de gestion;location simple;BILLIERE Jérémy;BOMBAT1138;81309959500023;813099595;BOMATI BATIMENT;CTR-037831/0001;BW9986600;07/09/2017;31/12/2022;Trimestrielle;21;2278,25;150;39,13
CAPEA FINANCE;Mandat de gestion;location simple;BILLIERE Jérémy;CARDAS4128;48842761800035;488427618;CARRE D'AS IMMOBILIER;CTR-034455/0001;AT1880600;01/09/2015;30/11/2020;Mensuelle;63;8192,58;158;0
CAPEA FINANCE;Mandat de gestion;location simple;BILLIERE Jérémy;CATALU2645;419725155;419725155;CATALUNYA ENTREPOSAGE SARL;CTR-036892/0001;BN9397600;19/01/2017;30/06/2022;Trimestrielle;21;2961,72;195;156
CAPEA FINANCE;Mandat de gestion;location simple;BILLIERE Jérémy;JARDIN8949;500359484;500359484;SARL LES JARDINS DE CAMARGUE;CTR-036278/0001;BH6652600;22/09/2016;31/12/2021;Trimestrielle;21;4893,35;312;30,52
CAPEA FINANCE;Mandat de gestion;location simple;BILLIERE Jérémy;MAELA4357;39189480500012;391894805;MAELA;CTR-039584/0001;1432238;01/07/2018;30/09/2023;Trimestrielle;21;12105;747;0
CAPEA FINANCE;Mandat de gestion;location simple;BILLIERE Jérémy;MVIDAL0673;81923451900018;819234519;MENUISERIE VIDAL;CTR-035922/0001;BG0541600;28/06/2016;30/09/2021;Trimestrielle;21;8993,68;555;18,3
CAPEA FINANCE;Mandat de gestion;location simple;BILLIERE Jérémy;PACIFI5087;41910426000015;419104260;SARL CARROSSERIE;CTR-034670/0001;AV2254600;09/10/2015;31/03/2021;Trimestrielle;21;4027,81;234;262,65
CAPEA FINANCE;Mandat de gestion;location simple;BILLIERE Jérémy;PRESTA3582;42399945700025;423999457;PRESTAVIN SARL;CTR-039392/0001;CF4552600;01/07/2018;30/09/2023;Trimestrielle;21;18509,21;1105;0
CAPEA FINANCE;Mandat de gestion;location simple;BILLIERE Jérémy;RESOBI3531;48439167700040;484391677;RESO BIO;CTR-034470/0001;AT9519600;27/08/2015;31/12/2020;Trimestrielle;21;4187,57;267;150,58
CAPEA FINANCE;Mandat de gestion;location simple;BILLIERE Jérémy;SALAO2810;75149502900025;751495029;S.A.S SALAO;CTR-037001/0001;BP4394600;01/04/2017;30/06/2022;Trimestrielle;21;5533,8;357;0
CAPEA FINANCE;Mandat de gestion;location simple;BILLIERE Jérémy;SETCOU2067;82012507800015;820125078;SARL SET COURTAGE;CTR-037662/0001;BW2739600;01/10/2017;31/12/2022;Trimestrielle;21;5533,79;357;0
CAPEA FINANCE;Mandat de gestion;location simple;BILLIERE Jérémy;VILLERA393;50903772700013;509037727;G.I.E VILLERASE;CTR-034761/0001;BW8468600;01/01/2016;31/03/2021;Trimestrielle;21;6603,35;426;0
CAPEA FINANCE;Mandat de gestion;location simple;BILLIERE Jérémy;VILLERA393;50903772700013;509037727;;CTR-037845/0001;BW8468600;11/09/2017;31/12/2022;Trimestrielle;21;3371,81;222;48,26
CAPEA FINANCE;Mandat de gestion;location simple;BILLIERE Jérémy;OLIVER0364;68420018100023;684200181;SARL ATELIER OLIVER;CTR-034765/0001;153066000;23/10/2015;31/03/2021;Trimestrielle;21;6316,56;360;322,91
CAPEA FINANCE;Mandat de gestion;location simple;BILLIERE Jérémy;SCOPSO0467;803377712;803377712;SCOP SOLEVIE;CTR-036833/0001;BO6665600;01/02/2017;30/04/2022;Mensuelle;63;6920,57;149;0
CAPEA FINANCE;Mandat de gestion;location simple;BILLIERE Jérémy;VALMY2570;413431719;413431719;SARL CHATEAU DE VALMY;CTR-037111/0001;BQ6188600;01/04/2017;30/06/2022;Trimestrielle;21;10209,04;630;0
CAPEA FINANCE;Mandat de gestion;location simple;BILLIERE Jérémy;CABALL0728;511226227;511226227;CABALL IMMOBILIER;CTR-036958/0001;BP8642600;01/04/2017;30/06/2022;Trimestrielle;21;32062,65;1857;0
CAPEA FINANCE;Mandat de gestion;location simple;BILLIERE Jérémy;RESOBI3329;328356829;328356829;RESO BIO;CTR-037114/0001;BR1927600;21/03/2017;30/06/2022;Trimestrielle;21;1549,21;102;12,47
CAPEA FINANCE;Mandat de gestion;location simple;BILLIERE Jérémy;EVOCON2688;798660783;798660783;EVO CONSTRUCTION;CTR-037484/0001;BU3083600;07/06/2017;30/09/2022;Trimestrielle;21;2095,99;138;36,4
CAPEA FINANCE;Mandat de gestion;location simple;BILLIERE Jérémy;ANNEXE0006;821139607;821139607;SAS L'ANNEXE;CTR-037863/0001;CA1127600;15/09/2017;31/12/2022;Trimestrielle;21;1777,03;117;20,35
CAPEA FINANCE;Mandat de gestion;location simple;BILLIERE Jérémy;ANNEXE0006;821139607;821139607;;CTR-038105/0001;CA1127600;17/10/2017;31/12/2022;Trimestrielle;20;264,39;18;14,87
CAPEA FINANCE;Mandat de gestion;location simple;BILLIERE Jérémy;ACGDIF4871;815111851;815111851;ACG DIFFUSION;CTR-037832/0001;BX1560600;08/09/2017;31/12/2022;Trimestrielle;21;1382,07;93;23,25
CAPEA FINANCE;Mandat de gestion;location simple;BILLIERE Jérémy;ARMAPU5497;79170900900017;791709009;ARCHITECTURE MATHIEU PUIG;CTR-037900/0001;BX4484600;25/09/2017;31/12/2022;Trimestrielle;21;2961,72;195;12,72
CAPEA FINANCE;Mandat de gestion;location simple;BILLIERE Jérémy;ASSUR7558;51358622200046;513586222;ASSUR LIFE SANTE;CTR-038075/0001;BY1688600;01/01/2018;31/03/2023;Trimestrielle;21;5501,14;357;0
CAPEA FINANCE;Mandat de gestion;location simple;BILLIERE Jérémy;GIULIA0567;833527559;833527559;SAS GIULIA;CTR-039021/0001;CC1859600;19/01/2018;30/06/2023;Trimestrielle;21;1777,03;117;93,6
CAPEA FINANCE;Mandat de gestion;location simple;BILLIERE Jérémy;MAISON6262;402725576;402725576;MAISON DE LA PRESSE LACOSTE;CTR-038422/0001;CB2196600;22/12/2017;31/03/2023;Trimestrielle;21;4846,29;309;33,59
CAPEA FINANCE;Mandat de gestion;location simple;BILLIERE Jérémy;CLARA3558;794976472;794976472;CLARA MENUISERIE;CTR-038268/0001;CA3098600;01/01/2018;31/03/2023;Trimestrielle;21;3548,43;235;0
CAPEA FINANCE;Mandat de gestion;location simple;BILLIERE Jérémy;LCPIMM3450;81518329800018;815183298;LCP IMMOBILIER;CTR-038371/0001;CB3171600;12/12/2017;31/03/2023;Trimestrielle;21;2004,86;132;28,7
CAPEA FINANCE;Mandat de gestion;location simple;BILLIERE Jérémy;PAIN0000;52898679700025;528986797;LE PAIN DU JOUR DEVELOPPEMENT;CTR-039083/0001;CD7620600;01/04/2018;30/06/2023;Trimestrielle;21;3107,3;207;0
CAPEA FINANCE;Mandat de gestion;location simple;BILLIERE Jérémy;DEUAIL3166;49232740800026;492327408;LES DEUX AILES;CTR-038955/0001;CB3180600;04/01/2018;30/06/2023;Trimestrielle;21;8215,84;507;490,1
CAPEA FINANCE;Mandat de gestion;location simple;BILLIERE Jérémy;INTERC2863;800565681;800565681;INTER COLIS 66;CTR-039028/0001;CC7233600;24/01/2018;30/06/2023;Trimestrielle;21;1868,16;123;91,57
CAPEA FINANCE;Mandat de gestion;location simple;BILLIERE Jérémy;INTERC2863;800565681;800565681;;CTR-039588/0001;CC7233600;04/06/2018;30/09/2023;Trimestrielle;21;3599,63;237;70,32
CAPEA FINANCE;Mandat de gestion;location simple;BILLIERE Jérémy;EVENTS3152;83387063700018;833870637;EVENT'S DAY;CTR-039187/0001;CE0006600;23/02/2018;30/06/2023;Trimestrielle;21;2688,33;177;72,77
CAPEA FINANCE;Mandat de gestion;location simple;BILLIERE Jérémy;COMWEB1623;81766236400014;817662364;SASU COMING-WEB;CTR-039605/0001;CK0775600;12/06/2018;30/09/2023;Trimestrielle;21;4422,63;282;58,88
CAPEA FINANCE;Mandat de gestion;location simple;BILLIERE Jérémy;ALINEA5020;42417724400029;424177244;ALINEA COTE ENSEIGNE SARL;CTR-039275/0001;CF7435600;01/04/2018;30/06/2023;Trimestrielle;21;43348,38;2496;0
CAPEA FINANCE;Mandat de gestion;location simple;BILLIERE Jérémy;CACASS3402;43490463700015;434904637;CAC ASSURANCES;CTR-039395/0001;CF5861600;01/06/2018;30/09/2023;Trimestrielle;21;4138,72;267;88,02
CAPEA FINANCE;Mandat de gestion;location simple;BILLIERE Jérémy;RESOBIO531;48439167700040;484391677;RESO BIO;CTR-039461/0001;AT9519600;15/05/2018;30/09/2023;Trimestrielle;21;1549,21;102;52,68
CAPEA FINANCE;Mandat de gestion;location simple;BILLIERE Jérémy;TERRES6201;75162061800015;751620618;TERRES CATALANES AGENCE;CTR-039561/0001;1431783;01/07/2018;30/09/2023;Trimestrielle;21;4069,59;261;0
CAPEA FINANCE;Mandat de gestion;location simple;BILLIERE Jérémy;BELLMA3722;50296405900013;502964059;BELLMAS;CTR-039916/0001;1431760;01/10/2018;31/12/2023;Trimestrielle;21;4958,36;318;0
CAPEA FINANCE;Mandat de gestion;location simple;BILLIERE Jérémy;BAUDRY8302;41065017000021;410650170;BAUDRY BAYGARDIAN;CTR-039944/0001;1432274;01/10/2018;31/12/2023;Trimestrielle;21;4662,1;299;0
CAPEA FINANCE;Mandat de gestion;location simple;DEL AGUILA Fréderic;ARCHIP0936;35007518000017;350075180;ARCHI PLURY;CTR-039635/0001;CH7496600;01/07/2018;30/09/2023;Trimestrielle;21;13757,9;849;0
CAPEA FINANCE;Mandat de gestion;location simple;DEL AGUILA Fréderic;FORCAT1837;814910923;814910923;SAS FORCAT;CTR-039598/0001;144615000;01/07/2018;30/09/2023;Trimestrielle;21;6681,3;426;0
CAPEA FINANCE;Mandat de gestion;location simple;DEL AGUILA Fréderic;RELIEF8955;41024476800033;410244768;RELIEF PUB;CTR-039394/0001;CF7342600;01/07/2018;30/09/2023;Trimestrielle;21;4603,75;297;0
CAPEA FINANCE;Mandat de gestion;location simple;DEL AGUILA Fréderic;LAUVIC3215;49424975800025;494249758;LAUVICAFE;CTR-039223/0001;CE3733600;09/03/2018;30/06/2023;Trimestrielle;21;2050,43;135;34,5
CAPEA FINANCE;Mandat de gestion;location simple;DEL AGUILA Fréderic;DISPRO;51163192100026;511631921;DISPRO;CTR-039552/0001;CG8762600;16/05/2018;30/09/2023;Trimestrielle;21;1777,04;117;59,14
CAPEA FINANCE;Mandat de gestion;location simple;MAHIEDDINE Killian;AGLY9191;77614107900017;776141079;SCV DE  L'AGLY;CTR-037252/0001;BR6458600;12/04/2017;30/09/2022;Trimestrielle;21;31208,75;1797;0
CAPEA FINANCE;Mandat de gestion;location simple;MAHIEDDINE Killian;ALTER5507;493316418;493316418;ALTER CREDIT CONSEIL;CTR-037035/0001;BQ0391600;01/04/2017;30/06/2022;Trimestrielle;21;8892,86;552;0
CAPEA FINANCE;Mandat de gestion;location simple;MAHIEDDINE Killian;BARCAR0610;42909000400012;429090004;BARCARES VACANCES;CTR-034202/0001;AS3058600;03/08/2015;31/12/2020;Trimestrielle;21;5614,72;320;254,22
CAPEA FINANCE;Mandat de gestion;location simple;MAHIEDDINE Killian;MATTIR3659;51760854300016;517608543;MATTIROLI FERMETURES;CTR-033722/0001;AN3581600;01/04/2015;30/06/2020;Trimestrielle;21;8053,62;459;0
CAPEA FINANCE;Mandat de gestion;location simple;MAHIEDDINE Killian;PATOIE1846;424491496;424491496;SNC LA PATTE D OIE TABAC;CTR-034116/0001;AQ9517600;01/07/2015;30/09/2020;Trimestrielle;21;6263,92;357;0
CAPEA FINANCE;Mandat de gestion;location simple;MAHIEDDINE Killian;SUBIRA6673;39970468300016;399704683;TABAC PRESSE LOTO SUBIRANA;CTR-033556/0001;AM9042600;01/04/2015;30/06/2020;Trimestrielle;21;6273,52;400;0
CAPEA FINANCE;Mandat de gestion;location simple;MAHIEDDINE Killian;TERES1544;41440826000019;414408260;SARL TERES;CTR-034096/0001;AR0659600;27/05/2015;30/09/2020;Trimestrielle;21;2460;162;111,31
CAPEA FINANCE;Mandat de gestion;location simple;MAHIEDDINE Killian;MEUBLE3323;809535354;809535354;SAS MEUBLE SEDUCTION;CTR-037885/0001;BW2776600;22/09/2017;31/12/2022;Trimestrielle;21;2688,33;177;17,32
CAPEA FINANCE;Mandat de gestion;location simple;MAHIEDDINE Killian;BERTHO1094;528370570;528370570;JBS REALISATIONS;CTR-037361/0001;BS2426600;01/07/2017;30/09/2022;Trimestrielle;21;4658;297;0
CAPEA FINANCE;Mandat de gestion;location simple;MAHIEDDINE Killian;GOTIMM0206;31471277900045;314712779;GOT IMMOBILIER;CTR-037707/0001;1432754;27/07/2017;31/12/2022;Trimestrielle;21;1594,77;105;75,33
CAPEA FINANCE;Mandat de gestion;location simple;MAHIEDDINE Killian;FRONTE0436;48862546800019;488625468;LA FRONTERA PRODUCTION;CTR-037822/0001;BT1793600;01/10/2017;31/12/2022;Trimestrielle;21;19983,25;1200;0
CAPEA FINANCE;Mandat de gestion;location simple;MAHIEDDINE Killian;BURVAL5794;53143543600013;531435436;BUREAU VALLEE;CTR-039335/0001;1432641;01/07/2018;30/09/2023;Trimestrielle;21;22779,4;1335;0
CAPEA FINANCE;Mandat de gestion;location simple;MAHIEDDINE Killian;ESILLE1214;41940340700010;419403407;ESPACE SERVICES ILLE;CTR-039800/0001;CK7776600;01/08/2018;31/12/2023;Trimestrielle;21;6222,65;384;303,61
CAPEA FINANCE;Mandat de gestion;location simple;MAHIEDDINE Killian;PRADES3010;381026202;381026202;ESPACE SERVICES PRADES;CTR-039753/0001;CK7774600;01/08/2018;31/12/2023;Trimestrielle;21;6222,65;384;303,61
CAPEA FINANCE;Mandat de gestion;location simple;DEL AGUILA Fréderic;BLONDEL466;31827499000031;318274990;MICHEL BLONDEL ARCHITECTE;CTR-033681/0001;AN9379600;10/05/2015;30/09/2020;Trimestrielle;21;4389,28;255;194,71
CAPEA FINANCE;Mandat de gestion;location simple;DEL AGUILA Fréderic;CRESCE8050;452761976;452761976;SALLE CRESCENDO;CTR-033562/0001;AP2374600;12/02/2015;30/06/2020;Trimestrielle;21;3903,4;257;186,07
CAPEA FINANCE;Mandat de gestion;location simple;DEL AGUILA Fréderic;ACTFOR0620;500854732;500854732;ACTION FORMATION;CTR-037000/0001;BQ1784600;17/02/2017;30/06/2022;Trimestrielle;21;2247,87;148;70,71
